{
    "name": "",
    "description": "MaskMaker morph_import of morph_beauty1.fbx",
    "author": "",
    "license": "",
    "website": "",
    "resources": {
        "morph_beauty1": {
            "type": "morph",
            "deltas": {
                "0": {
                    "x": 0.0409133434295654,
                    "y": -7.7366828918457e-05,
                    "z": -0.0
                },
                "1": {
                    "x": 0.0447819232940674,
                    "y": 0.000340461730957031,
                    "z": -0.0
                },
                "2": {
                    "x": 0.0476248264312744,
                    "y": 0.000376015901565552,
                    "z": -0.0
                },
                "3": {
                    "x": 0.0965433120727539,
                    "y": 0.00029146671295166,
                    "z": -0.0
                },
                "4": {
                    "x": 0.0840373039245605,
                    "y": -0.000181078910827637,
                    "z": -0.0
                },
                "5": {
                    "x": 0.0841348171234131,
                    "y": -0.0,
                    "z": -0.0
                },
                "6": {
                    "x": 0.0810062885284424,
                    "y": -0.0,
                    "z": -0.0
                },
                "7": {
                    "x": 0.02180415391922,
                    "y": -0.0,
                    "z": -0.0
                },
                "8": {
                    "x": 0.0,
                    "y": -0.0,
                    "z": -0.0
                },
                "9": {
                    "x": -0.0221680998802185,
                    "y": -0.0,
                    "z": -0.0
                },
                "10": {
                    "x": -0.0812829732894897,
                    "y": -0.0,
                    "z": -0.0
                },
                "11": {
                    "x": -0.0843715667724609,
                    "y": -0.0,
                    "z": -0.0
                },
                "12": {
                    "x": -0.08437180519104,
                    "y": -0.0,
                    "z": -0.0
                },
                "13": {
                    "x": -0.0960617065429688,
                    "y": -0.0,
                    "z": -0.0
                },
                "14": {
                    "x": -0.0480308532714844,
                    "y": -0.0,
                    "z": -0.0
                },
                "15": {
                    "x": -0.0443360805511475,
                    "y": -0.0,
                    "z": -0.0
                },
                "16": {
                    "x": -0.0406413078308105,
                    "y": -0.0,
                    "z": -0.0
                },
                "17": {
                    "x": 0.0,
                    "y": -0.0,
                    "z": -0.0
                },
                "18": {
                    "x": 0.0,
                    "y": -0.0,
                    "z": -0.0
                },
                "19": {
                    "x": 0.0,
                    "y": -0.0,
                    "z": -0.0
                },
                "20": {
                    "x": 0.0,
                    "y": -0.0,
                    "z": -0.0
                },
                "21": {
                    "x": 0.0,
                    "y": -0.0,
                    "z": -0.0
                },
                "22": {
                    "x": 0.0,
                    "y": -0.0,
                    "z": -0.0
                },
                "23": {
                    "x": 0.0,
                    "y": -0.0,
                    "z": -0.0
                },
                "24": {
                    "x": 0.0,
                    "y": -0.0,
                    "z": -0.0
                },
                "25": {
                    "x": 0.0,
                    "y": -0.0,
                    "z": -0.0
                },
                "26": {
                    "x": 0.0,
                    "y": -0.0,
                    "z": -0.0
                },
                "27": {
                    "x": 0.0,
                    "y": -0.0,
                    "z": -0.0
                },
                "28": {
                    "x": 0.0,
                    "y": -0.0,
                    "z": -0.0
                },
                "29": {
                    "x": 0.0,
                    "y": -0.0,
                    "z": -0.0
                },
                "30": {
                    "x": 0.0,
                    "y": -0.0,
                    "z": -0.0
                },
                "31": {
                    "x": 0.0351258516311646,
                    "y": -0.0477184057235718,
                    "z": -0.0
                },
                "32": {
                    "x": 0.0484200119972229,
                    "y": -0.0477184057235718,
                    "z": -0.0
                },
                "33": {
                    "x": 0.0,
                    "y": -0.0477184653282166,
                    "z": -0.0
                },
                "34": {
                    "x": -0.0479544103145599,
                    "y": -0.0477184057235718,
                    "z": -0.0
                },
                "35": {
                    "x": -0.034956157207489,
                    "y": -0.0477184057235718,
                    "z": -0.0
                },
                "36": {
                    "x": -0.259128093719482,
                    "y": 0.0215126276016235,
                    "z": -0.0
                },
                "37": {
                    "x": -0.0303676128387451,
                    "y": -0.115646839141846,
                    "z": -0.0
                },
                "38": {
                    "x": 0.107361912727356,
                    "y": -0.11933970451355,
                    "z": -0.0
                },
                "39": {
                    "x": 0.190344870090485,
                    "y": -0.00996339321136475,
                    "z": -0.0
                },
                "40": {
                    "x": 0.120152473449707,
                    "y": 0.336248397827148,
                    "z": -0.0
                },
                "41": {
                    "x": -0.0958247184753418,
                    "y": 0.339737892150879,
                    "z": -0.0
                },
                "42": {
                    "x": -0.190476953983307,
                    "y": -0.0102041959762573,
                    "z": -0.0
                },
                "43": {
                    "x": -0.107361912727356,
                    "y": -0.11933970451355,
                    "z": -0.0
                },
                "44": {
                    "x": 0.0306122303009033,
                    "y": -0.115646839141846,
                    "z": -0.0
                },
                "45": {
                    "x": 0.258857011795044,
                    "y": 0.0215126276016235,
                    "z": -0.0
                },
                "46": {
                    "x": 0.0954146385192871,
                    "y": 0.339737892150879,
                    "z": -0.0
                },
                "47": {
                    "x": -0.120152473449707,
                    "y": 0.336248397827148,
                    "z": -0.0
                },
                "48": {
                    "x": -0.134488582611084,
                    "y": -0.0,
                    "z": -0.0
                },
                "49": {
                    "x": -0.0505315065383911,
                    "y": -0.0,
                    "z": -0.0
                },
                "50": {
                    "x": 0.0,
                    "y": -0.164034008979797,
                    "z": -0.0
                },
                "51": {
                    "x": 0.0,