{
    "name": "",
    "description": "MaskMaker morph_import of morph_bigEyes2.fbx",
    "author": "",
    "license": "",
    "website": "",
    "resources": {
        "morph_bigEyes2": {
            "type": "morph",
            "deltas": {
                "0": {
                    "x": 0.0438308715820313,
                    "y": -0.0,
                    "z": -0.0
                },
                "1": {
                    "x": 0.284201145172119,
                    "y": -0.0,
                    "z": -0.0
                },
                "2": {
                    "x": 0.643497943878174,
                    "y": -0.0,
                    "z": -0.0
                },
                "3": {
                    "x": 0.831003069877625,
                    "y": -0.0,
                    "z": -0.0
                },
                "4": {
                    "x": 0.911258101463318,
                    "y": -0.124952077865601,
                    "z": -0.0
                },
                "5": {
                    "x": 0.888098061084747,
                    "y": -0.353885889053345,
                    "z": -0.0
                },
                "6": {
                    "x": 0.438966989517212,
                    "y": -0.631089925765991,
                    "z": -0.0
                },
                "7": {
                    "x": 0.0,
                    "y": -0.618175029754639,
                    "z": -0.0
                },
                "8": {
                    "x": -0.421719014644623,
                    "y": -0.631089925765991,
                    "z": -0.0
                },
                "9": {
                    "x": -0.848978042602539,
                    "y": -0.353885889053345,
                    "z": -0.0
                },
                "10": {
                    "x": -0.880210995674133,
                    "y": -0.11714506149292,
                    "z": -0.0
                },
                "11": {
                    "x": -0.814052104949951,
                    "y": -0.0,
                    "z": -0.0
                },
                "12": {
                    "x": -0.591362953186035,
                    "y": -0.0,
                    "z": -0.0
                },
                "13": {
                    "x": -0.29963207244873,
                    "y": -0.0,
                    "z": -0.0
                },
                "14": {
                    "x": -0.0705304145812988,
                    "y": -0.0,
                    "z": -0.0
                },
                "15": {
                    "x": 0.0,
                    "y": -0.0,
                    "z": -0.0
                },
                "16": {
                    "x": -0.413596153259277,
                    "y": -0.210813999176025,
                    "z": -0.0
                },
                "17": {
                    "x": -0.329493999481201,
                    "y": -0.294936895370483,
                    "z": -0.0
                },
                "18": {
                    "x": -0.194095015525818,
                    "y": -0.328268051147461,
                    "z": -0.0
                },
                "19": {
                    "x": 0.0,
                    "y": -0.294936895370483,
                    "z": -0.0
                },
                "20": {
                    "x": 0.0,
                    "y": -0.294937133789063,
                    "z": -0.0
                },
                "21": {
                    "x": 0.0,
                    "y": -0.294937133789063,
                    "z": -0.0
                },
                "22": {
                    "x": 0.0,
                    "y": -0.294936895370483,
                    "z": -0.0
                },
                "23": {
                    "x": 0.195216059684753,
                    "y": -0.328268051147461,
                    "z": -0.0
                },
                "24": {
                    "x": 0.322058916091919,
                    "y": -0.294936895370483,
                    "z": -0.0
                },
                "25": {
                    "x": 0.402320146560669,
                    "y": -0.269863128662109,
                    "z": -0.0
                },
                "26": {
                    "x": 0.0,
                    "y": -0.0,
                    "z": -0.0
                },
                "27": {
                    "x": 0.0,
                    "y": -0.0341676473617554,
                    "z": -0.0
                },
                "28": {
                    "x": 0.0,
                    "y": -0.054388701915741,
                    "z": -0.0
                },
                "29": {
                    "x": 0.0,
                    "y": -0.122561000287533,
                    "z": -0.0
                },
                "30": {
                    "x": 0.0774231851100922,
                    "y": -0.241884991526604,
                    "z": -0.0
                },
                "31": {
                    "x": 0.0744137018918991,
                    "y": -0.241885006427765,
                    "z": -0.0
                },
                "32": {
                    "x": 0.0,
                    "y": -0.264943033456802,
                    "z": -0.0
                },
                "33": {
                    "x": -0.0728166997432709,
                    "y": -0.241885006427765,
                    "z": -0.0
                },
                "34": {
                    "x": -0.0714470744132996,
                    "y": -0.241884991526604,
                    "z": -0.0
                },
                "35": {
                    "x": -0.619163990020752,
                    "y": -0.0,
                    "z": -0.0
                },
                "36": {
                    "x": -0.713409900665283,
                    "y": -0.625706195831299,
                    "z": -0.0
                },
                "37": {
                    "x": 0.287158012390137,
                    "y": -0.809067010879517,
                    "z": -0.0
                },
                "38": {
                    "x": 0.514454007148743,
                    "y": -0.0594195127487183,
                    "z": -0.0
                },
                "39": {
                    "x": 0.18497896194458,
                    "y": 1.00013995170593,
                    "z": -0.0
                },
                "40": {
                    "x": -0.397295951843262,
                    "y": 0.971751987934113,
                    "z": -0.0
                },
                "41": {
                    "x": -0.508761048316956,
                    "y": -0.0396208763122559,
                    "z": -0.0
                },
                "42": {
                    "x": -0.324815988540649,
                    "y": -0.817754983901978,
                    "z": -0.0
                },
                "43": {
                    "x": 0.611553907394409,
                    "y": -0.664767980575562,
                    "z": -0.0
                },
                "44": {
                    "x": 0.584938049316406,
                    "y": -0.0,
                    "z": -0.0
                },
                "45": {
                    "x": 0.187940120697021,
                    "y": 1.07379996776581,
                    "z": -0.0
                },
                "46": {
                    "x": -0.286270022392273,
                    "y": 0.993538975715637,
                    "z": -0.0
                },
                "47": {
                    "x": 0.200691938400269,
                    "y": -0.363353967666626,
                    "z": -0.0
                },
                "48": {
                    "x": 0.167941987514496,
                    "y": -0.363353967666626,
                    "z": -0.0
                },
                "49": {
                    "x": 0.132626995444298,
                    "y": -0.457752048969269,