{
    "name": "",
    "description": "MaskMaker morph_import of morph_beauty2.fbx",
    "author": "",
    "license": "",
    "website": "",
    "resources": {
        "morph_beauty2": {
            "type": "morph",
            "deltas": {
                "0": {
                    "x": 0.130568981170654,
                    "y": -0.0183873772621155,
                    "z": -0.0
                },
                "1": {
                    "x": 0.172621965408325,
                    "y": -0.0613215006887913,
                    "z": -0.0
                },
                "2": {
                    "x": 0.266958951950073,
                    "y": -0.062847375869751,
                    "z": -0.0
                },
                "3": {
                    "x": 0.263241052627563,
                    "y": -0.0736544132232666,
                    "z": -0.0
                },
                "4": {
                    "x": 0.264310121536255,
                    "y": -0.0432789325714111,
                    "z": -0.0
                },
                "5": {
                    "x": 0.227231025695801,
                    "y": -0.053574800491333,
                    "z": -0.0
                },
                "6": {
                    "x": 0.0567846894264221,
                    "y": -0.102854013442993,
                    "z": -0.0
                },
                "7": {
                    "x": 0.0,
                    "y": -0.175539970397949,
                    "z": -0.0
                },
                "8": {
                    "x": -0.0571486949920654,
                    "y": -0.103027105331421,
                    "z": -0.0
                },
                "9": {
                    "x": -0.227506995201111,
                    "y": -0.0533924102783203,
                    "z": -0.0
                },
                "10": {
                    "x": -0.264547109603882,
                    "y": -0.0434238910675049,
                    "z": -0.0
                },
                "11": {
                    "x": -0.263576030731201,
                    "y": -0.073473334312439,
                    "z": -0.0
                },
                "12": {
                    "x": -0.26647686958313,
                    "y": -0.0631387829780579,
                    "z": -0.0
                },
                "13": {
                    "x": -0.173027992248535,
                    "y": -0.0616975016891956,
                    "z": -0.0
                },
                "14": {
                    "x": -0.130123138427734,
                    "y": -0.0187277793884277,
                    "z": -0.0
                },
                "15": {
                    "x": -0.0719399452209473,
                    "y": -0.0,
                    "z": -0.0
                },
                "16": {
                    "x": 0.0416181087493896,
                    "y": -0.147516965866089,
                    "z": -0.0
                },
                "17": {
                    "x": 0.0556521415710449,
                    "y": -0.125109910964966,
                    "z": -0.0
                },
                "18": {
                    "x": 0.0482089519500732,
                    "y": -0.0850019454956055,
                    "z": -0.0
                },
                "19": {
                    "x": 0.0675618648529053,
                    "y": -0.0147747993469238,
                    "z": -0.0
                },
                "20": {
                    "x": 0.0,
                    "y": -0.0,
                    "z": -0.0
                },
                "21": {
                    "x": 0.0,
                    "y": -0.0,
                    "z": -0.0
                },
                "22": {
                    "x": 0.0,
                    "y": -0.0,
                    "z": -0.0
                },
                "23": {
                    "x": 0.0,
                    "y": -0.0601105690002441,
                    "z": -0.0
                },
                "24": {
                    "x": 0.0,
                    "y": -0.073702335357666,
                    "z": -0.0
                },
                "25": {
                    "x": 0.0572288036346436,
                    "y": -0.0899579524993896,
                    "z": -0.0
                },
                "26": {
                    "x": 0.0,
                    "y": -0.0,
                    "z": -0.0
                },
                "27": {
                    "x": 0.0,
                    "y": -0.0,
                    "z": -0.0
                },
                "28": {
                    "x": 0.0,
                    "y": -0.0413177013397217,
                    "z": -0.0
                },
                "29": {
                    "x": 0.0,
                    "y": -0.0679069012403488,
                    "z": -0.0
                },
                "30": {
                    "x": 0.0351258814334869,
                    "y": -0.0811142027378082,
                    "z": -0.0
                },
                "31": {
                    "x": 0.0484200119972229,
                    "y": -0.0811142325401306,
                    "z": -0.0
                },
                "32": {
                    "x": 0.0,
                    "y": -0.0811142325401306,
                    "z": -0.0
                },
                "33": {
                    "x": -0.0479544103145599,
                    "y": -0.0811142325401306,
                    "z": -0.0
                },
                "34": {
                    "x": -0.0349561870098114,
                    "y": -0.0811142027378082,
                    "z": -0.0
                },
                "35": {
                    "x": -0.259128093719482,
                    "y": 0.021512508392334,
                    "z": -0.0
                },
                "36": {
                    "x": -0.0303676128387451,
                    "y": -0.115647077560425,
                    "z": -0.0
                },
                "37": {
                    "x": 0.062854528427124,
                    "y": -0.119340181350708,
                    "z": -0.0
                },
                "38": {
                    "x": 0.190345048904419,
                    "y": -0.00996339321136475,
                    "z": -0.0
                },
                "39": {
                    "x": 0.090509295463562,
                    "y": 0.355391025543213,
                    "z": -0.0
                },
                "40": {
                    "x": -0.0958247184753418,
                    "y": 0.339738011360168,
                    "z": -0.0
                },
                "41": {
                    "x": -0.190477013587952,
                    "y": -0.0102041959762573,
                    "z": -0.0
                },
                "42": {
                    "x": -0.062854528427124,
                    "y": -0.119340181350708,
                    "z": -0.0
                },
                "43": {
                    "x": 0.0306122303009033,
                    "y": -0.115647077560425,
                    "z": -0.0
                },
                "44": {
                    "x": 0.258857011795044,
                    "y": 0.021512508392334,
                    "z": -0.0
                },
                "45": {
                    "x": 0.0954146385192871,
                    "y": 0.339738011360168,
                    "z": -0.0
                },
                "46": {
                    "x": -0.090509295463562,
                    "y": 0.355391025543213,
                    "z": -0.0
                },
                "47": {
                    "x": 0.0548861026763916,
                    "y": -0.0,
                    "z": -0.0
                },
                "48": {
                    "x": 0.0543649196624756,
                    "y": -0.0,
                    "z": -0.0
                },