{
    "name": "",
    "description": "MaskMaker morph_import of morph_bigEyes2.fbx",
    "author": "",
    "license": "",
    "website": "",
    "resources": {
        "morph_bigEyes2": {
            "type": "morph",
            "deltas": {
                "0": {
                    "x": 0.0,
                    "y": -0.0,
                    "z": -0.0
                },
                "1": {
                    "x": 0.0438308715820313,
                    "y": -0.0,
                    "z": -0.0
                },
                "2": {
                    "x": 0.284200668334961,
                    "y": -0.0,
                    "z": -0.0
                },
                "3": {
                    "x": 0.643498420715332,
                    "y": -0.0,
                    "z": -0.0
                },
                "4": {
                    "x": 0.831003308296204,
                    "y": -0.0,
                    "z": -0.0
                },
                "5": {
                    "x": 0.91125750541687,
                    "y": -0.12495231628418,
                    "z": -0.0
                },
                "6": {
                    "x": 0.888097643852234,
                    "y": -0.353886365890503,
                    "z": -0.0
                },
                "7": {
                    "x": 0.438966691493988,
                    "y": -0.631089925765991,
                    "z": -0.0
                },
                "8": {
                    "x": 0.0,
                    "y": -0.618175029754639,
                    "z": -0.0
                },
                "9": {
                    "x": -0.421719491481781,
                    "y": -0.631089925765991,
                    "z": -0.0
                },
                "10": {
                    "x": -0.848978042602539,
                    "y": -0.353886365890503,
                    "z": -0.0
                },
                "11": {
                    "x": -0.880210638046265,
                    "y": -0.117144584655762,
                    "z": -0.0
                },
                "12": {
                    "x": -0.814051866531372,
                    "y": -0.0,
                    "z": -0.0
                },
                "13": {
                    "x": -0.591362953186035,
                    "y": -0.0,
                    "z": -0.0
                },
                "14": {
                    "x": -0.299631595611572,
                    "y": -0.0,
                    "z": -0.0
                },
                "15": {
                    "x": -0.0705304145812988,
                    "y": -0.0,
                    "z": -0.0
                },
                "16": {
                    "x": 0.0,
                    "y": -0.0,
                    "z": -0.0
                },
                "17": {
                    "x": -0.413595676422119,
                    "y": -0.210814237594604,
                    "z": -0.0
                },
                "18": {
                    "x": -0.329493522644043,
                    "y": -0.294936656951904,
                    "z": -0.0
                },
                "19": {
                    "x": -0.194095253944397,
                    "y": -0.328268051147461,
                    "z": -0.0
                },
                "20": {
                    "x": 0.0,
                    "y": -0.294936656951904,
                    "z": -0.0
                },
                "21": {
                    "x": 0.0,
                    "y": -0.294936895370483,
                    "z": -0.0
                },
                "22": {
                    "x": 0.0,
                    "y": -0.294936656951904,
                    "z": -0.0
                },
                "23": {
                    "x": 0.0,
                    "y": -0.294936656951904,
                    "z": -0.0
                },
                "24": {
                    "x": 0.195215582847595,
                    "y": -0.328268051147461,
                    "z": -0.0
                },
                "25": {
                    "x": 0.322059154510498,
                    "y": -0.294936656951904,
                    "z": -0.0
                },
                "26": {
                    "x": 0.402320384979248,
                    "y": -0.269862651824951,
                    "z": -0.0
                },
                "27": {
                    "x": 0.0,
                    "y": -0.0,
                    "z": -0.0
                },
                "28": {
                    "x": 0.0,
                    "y": -0.0341676473617554,
                    "z": -0.0
                },
                "29": {
                    "x": 0.0,
                    "y": -0.054388701915741,
                    "z": -0.0
                },
                "30": {
                    "x": 0.0,
                    "y": -0.122561424970627,
                    "z": -0.0
                },
                "31": {
                    "x": 0.0774232447147369,
                    "y": -0.241885185241699,
                    "z": -0.0
                },
                "32": {
                    "x": 0.0744137316942215,
                    "y": -0.241885215044022,
                    "z": -0.0
                },
                "33": {
                    "x": 0.0,
                    "y": -0.264942854642868,
                    "z": -0.0
                },
                "34": {
                    "x": -0.0728166699409485,
                    "y": -0.241885215044022,
                    "z": -0.0
                },
                "35": {
                    "x": -0.0714471042156219,
                    "y": -0.241885170340538,
                    "z": -0.0
                },
                "36": {
                    "x": -0.619163990020752,
                    "y": -0.0,
                    "z": -0.0
                },
                "37": {
                    "x": -0.713409900665283,
                    "y": -0.625706434249878,
                    "z": -0.0
                },
                "38": {
                    "x": 0.287158489227295,
                    "y": -0.809066772460938,
                    "z": -0.0
                },
                "39": {
                    "x": 0.514454126358032,
                    "y": -0.0594195127487183,
                    "z": -0.0
                },
                "40": {
                    "x": 0.184978604316711,
                    "y": 1.00013971328735,
                    "z": -0.0
                },
                "41": {
                    "x": -0.397295951843262,
                    "y": 0.971752047538757,
                    "z": -0.0
                },
                "42": {
                    "x": -0.508760988712311,
                    "y": -0.0396208763122559,
                    "z": -0.0
                },
                "43": {
                    "x": -0.324816346168518,
                    "y": -0.817755460739136,
                    "z": -0.0
                },
                "44": {
                    "x": 0.611554145812988,
                    "y": -0.664767742156982,
                    "z": -0.0
                },
                "45": {
                    "x": 0.584938049316406,
                    "y": -0.0,
                    "z": -0.0
                },
                "46": {
                    "x": 0.187940359115601,
                    "y": 1.07379817962646,
                    "z": -0.0
                },
                "47": {
                    "x": -0.286270499229431,
                    "y": 0.993539273738861,
                    "z": -0.0
                },
                "48": {
                    "x": 0.200692176818848,
                    "y": -0.363353729248047,
                    "z": -0.0
                },
                "49": {
                    "x": 0.167941749095917,
                    "y": -0.363353729248047,
                    "z": -0.0
                },